STATE/UT,YEAR,Pupose,Total No. of cases reported,Male upto 10 years,Female upto 10 years,Male 10-15 years,Female 10-15 years,Male 15-18 years,Female 15-18 years,Male 18-30 years,Female 18-30 years,Male 30-50 years,Female 30-50 years,Male above 50 years,Female above 50 years,Total Male,Total Female,Grand Total
Andhra Pradesh,2013,For Adoption,7,3,1,0,0,0,1,1,1,0,0,0,0,4,3,7
Andhra Pradesh,2013,For Begging,2,0,1,0,1,0,0,0,0,0,0,0,0,0,2,2
Andhra Pradesh,2013,For Camel racing,2,0,0,0,0,0,2,0,0,0,0,0,0,0,2,2
Andhra Pradesh,2013,For Illicit intercourse,112,0,5,0,10,0,47,0,44,1,5,0,0,1,111,112
Andhra Pradesh,2013,For marriage,725,0,3,0,106,2,362,12,200,8,26,3,3,25,700,725
Andhra Pradesh,2013,For Prostitution,7,0,1,0,0,0,0,0,6,0,0,0,0,0,7,7
Andhra Pradesh,2013,For Ransom,9,0,0,1,0,0,0,3,0,5,0,0,0,9,0,9
Andhra Pradesh,2013,For Revenge,84,6,1,4,4,2,11,26,11,17,1,1,0,56,28,84
Andhra Pradesh,2013,For Sale,1,1,0,0,0,0,0,0,0,0,0,0,0,1,0,1
Andhra Pradesh,2013,For Selling body parts,0,0,0,0,0,0,0,0,0,0,0,0,0,0,0,0
Andhra Pradesh,2013,For Slavery,0,0,0,0,0,0,0,0,0,0,0,0,0,0,0,0
Andhra Pradesh,2013,For unlawaful activity,88,0,0,5,22,1,11,8,6,17,13,5,0,36,52,88
Andhra Pradesh,2013,Others,1082,24,25,10,92,26,223,196,234,90,146,19,2,365,722,1087
Andhra Pradesh,2013,Total,2119,34,37,20,235,31,657,246,502,138,191,28,5,497,1627,2124
Arunachal Pradesh,2013,For Adoption,0,0,0,0,0,0,0,0,0,0,0,0,0,0,0,0
Arunachal Pradesh,2013,For Begging,0,0,0,0,0,0,0,0,0,0,0,0,0,0,0,0
Arunachal Pradesh,2013,For Camel racing,0,0,0,0,0,0,0,0,0,0,0,0,0,0,0,0
Arunachal Pradesh,2013,For Illicit intercourse,11,0,0,0,3,0,6,0,2,0,0,0,0,0,11,11
Arunachal Pradesh,2013,For marriage,60,0,0,0,4,0,21,0,35,0,0,0,0,0,60,60
Arunachal Pradesh,2013,For Prostitution,0,0,0,0,0,0,0,0,0,0,0,0,0,0,0,0
Arunachal Pradesh,2013,For Ransom,25,0,4,4,0,0,0,10,0,5,0,2,0,21,4,25
Arunachal Pradesh,2013,For Revenge,5,0,0,0,2,2,0,0,0,1,0,0,0,3,2,5
Arunachal Pradesh,2013,For Sale,0,0,0,0,0,0,0,0,0,0,0,0,0,0,0,0
Arunachal Pradesh,2013,For Selling body parts,0,0,0,0,0,0,0,0,0,0,0,0,0,0,0,0
Arunachal Pradesh,2013,For Slavery,0,0,0,0,0,0,0,0,0,0,0,0,0,0,0,0
Arunachal Pradesh,2013,For unlawaful activity,0,0,0,0,0,0,0,0,0,0,0,0,0,0,0,0
Arunachal Pradesh,2013,Others,41,0,0,6,4,2,5,12,3,9,0,0,0,29,12,41
Arunachal Pradesh,2013,Total,142,0,4,10,13,4,32,22,40,15,0,2,0,53,89,142
Assam,2013,For Adoption,0,0,0,0,0,0,0,0,0,0,0,0,0,0,0,0
Assam,2013,For Begging,0,0,0,0,0,0,0,0,0,0,0,0,0,0,0,0
Assam,2013,For Camel racing,0,0,0,0,0,0,0,0,0,0,0,0,0,0,0,0
Assam,2013,For Illicit intercourse,113,0,0,0,7,0,13,0,64,0,29,0,0,0,113,113
Assam,2013,For marriage,3921,0,0,0,26,0,34,0,2704,0,1157,0,0,0,3921,3921
Assam,2013,For Prostitution,49,0,0,0,0,0,0,0,30,0,19,0,0,0,49,49
Assam,2013,For Ransom,62,0,0,0,0,0,0,14,17,16,15,0,0,30,32,62
Assam,2013,For Revenge,51,0,0,0,0,0,0,9,16,13,13,0,0,22,29,51
Assam,2013,For Sale,2,0,0,0,0,0,0,0,2,0,0,0,0,0,2,2
Assam,2013,For Selling body parts,0,0,0,0,0,0,0,0,0,0,0,0,0,0,0,0
Assam,2013,For Slavery,0,0,0,0,0,0,0,0,0,0,0,0,0,0,0,0
Assam,2013,For unlawaful activity,0,0,0,0,0,0,0,0,0,0,0,0,0,0,0,0
Assam,2013,Others,603,0,0,0,0,0,0,197,146,123,137,0,0,320,283,603
Assam,2013,Total,4801,0,0,0,33,0,47,220,2979,152,1370,0,0,372,4429,4801
Bihar,2013,For Adoption,3,1,0,2,0,0,0,0,0,0,0,0,0,3,0,3
Bihar,2013,For Begging,1,1,0,0,0,0,0,0,0,0,0,0,0,1,0,1
Bihar,2013,For Camel racing,1,0,0,1,0,0,0,0,0,0,0,0,0,1,0,1
Bihar,2013,For Illicit intercourse,127,0,0,0,31,0,36,0,56,0,4,0,0,0,127,127
Bihar,2013,For marriage,3709,0,0,1,172,230,1917,49,1250,4,85,1,0,285,3424,3709
Bihar,2013,For Prostitution,16,1,0,0,1,0,4,2,8,0,0,0,0,3,13,16
Bihar,2013,For Ransom,153,0,0,16,4,28,45,23,31,1,5,0,0,68,85,153
Bihar,2013,For Revenge,163,0,0,9,0,23,16,92,5,15,1,2,0,141,22,163
Bihar,2013,For Sale,34,0,0,0,2,1,1,6,2,22,0,0,0,29,5,34
Bihar,2013,For Selling body parts,0,0,0,0,0,0,0,0,0,0,0,0,0,0,0,0
Bihar,2013,For Slavery,0,0,0,0,0,0,0,0,0,0,0,0,0,0,0,0
Bihar,2013,For unlawaful activity,290,7,5,22,0,9,0,175,33,38,0,1,0,252,38,290
Bihar,2013,Others,1073,2,0,18,0,157,13,271,330,151,123,6,2,605,468,1073
Bihar,2013,Total,5570,12,5,69,210,448,2032,618,1715,231,218,10,2,1388,4182,5570
Chhattisgarh,2013,For Adoption,2,0,2,0,0,0,0,0,0,0,0,0,0,0,2,2
Chhattisgarh,2013,For Begging,0,0,0,0,0,0,0,0,0,0,0,0,0,0,0,0
Chhattisgarh,2013,For Camel racing,0,0,0,0,0,0,0,0,0,0,0,0,0,0,0,0
Chhattisgarh,2013,For Illicit intercourse,95,0,2,7,16,2,63,0,5,0,0,0,0,9,86,95
Chhattisgarh,2013,For marriage,542,0,6,0,76,0,352,0,106,0,2,0,0,0,542,542
Chhattisgarh,2013,For Prostitution,0,0,0,0,0,0,0,0,0,0,0,0,0,0,0,0
Chhattisgarh,2013,For Ransom,4,1,0,0,0,1,0,2,0,1,0,0,0,5,0,5
Chhattisgarh,2013,For Revenge,2,0,0,0,0,0,0,2,0,0,0,0,0,2,0,2
Chhattisgarh,2013,For Sale,1,0,0,0,0,0,0,0,1,0,0,0,0,0,1,1
Chhattisgarh,2013,For Selling body parts,0,0,0,0,0,0,0,0,0,0,0,0,0,0,0,0
Chhattisgarh,2013,For Slavery,0,0,0,0,0,0,0,0,0,0,0,0,0,0,0,0
Chhattisgarh,2013,For unlawaful activity,0,0,0,0,0,0,0,0,0,0,0,0,0,0,0,0
Chhattisgarh,2013,Others,1589,53,31,151,228,122,521,22,284,13,161,2,0,363,1225,1588
Chhattisgarh,2013,Total,2235,54,41,158,320,125,936,26,396,14,163,2,0,379,1856,2235
Goa,2013,For Adoption,0,0,0,0,0,0,0,0,0,0,0,0,0,0,0,0
Goa,2013,For Begging,0,0,0,0,0,0,0,0,0,0,0,0,0,0,0,0
Goa,2013,For Camel racing,0,0,0,0,0,0,0,0,0,0,0,0,0,0,0,0
Goa,2013,For Illicit intercourse,1,0,0,1,0,0,0,0,0,0,0,0,0,1,0,1
Goa,2013,For marriage,14,0,0,0,1,0,12,0,1,0,0,0,0,0,14,14
Goa,2013,For Prostitution,0,0,0,0,0,0,0,0,0,0,0,0,0,0,0,0
Goa,2013,For Ransom,3,0,0,0,0,0,0,3,0,1,0,0,0,4,0,4
Goa,2013,For Revenge,2,0,0,0,0,0,0,0,0,2,0,0,0,2,0,2
Goa,2013,For Sale,0,0,0,0,0,0,0,0,0,0,0,0,0,0,0,0
Goa,2013,For Selling body parts,0,0,0,0,0,0,0,0,0,0,0,0,0,0,0,0
Goa,2013,For Slavery,0,0,0,0,0,0,0,0,0,0,0,0,0,0,0,0
Goa,2013,For unlawaful activity,0,0,0,0,0,0,0,0,0,0,0,0,0,0,0,0
Goa,2013,Others,88,6,6,12,20,13,22,7,2,4,2,2,0,44,52,96
Goa,2013,Total,108,6,6,13,21,13,34,10,3,7,2,2,0,51,66,117
Gujarat,2013,For Adoption,1,0,0,0,1,0,0,0,0,0,0,0,0,0,1,1
Gujarat,2013,For Begging,3,0,0,2,1,0,0,0,0,0,0,0,0,2,1,3
Gujarat,2013,For Camel racing,0,0,0,0,0,0,0,0,0,0,0,0,0,0,0,0
Gujarat,2013,For Illicit intercourse,283,1,7,1,32,2,73,51,109,10,1,0,0,65,222,287
Gujarat,2013,For marriage,1664,0,2,23,189,93,654,161,483,39,20,0,0,316,1348,1664
Gujarat,2013,For Prostitution,31,0,0,0,0,0,0,16,1,13,1,0,0,29,2,31
Gujarat,2013,For Ransom,27,2,0,0,0,3,2,8,4,6,1,1,0,20,7,27
Gujarat,2013,For Revenge,10,0,0,0,0,0,0,4,0,3,2,1,0,8,2,10
Gujarat,2013,For Sale,0,0,0,0,0,0,0,0,0,0,0,0,0,0,0,0
Gujarat,2013,For Selling body parts,0,0,0,0,0,0,0,0,0,0,0,0,0,0,0,0
Gujarat,2013,For Slavery,4,0,0,0,0,0,0,4,0,0,0,0,0,4,0,4
Gujarat,2013,For unlawaful activity,130,0,0,0,0,12,87,8,16,4,2,1,0,25,105,130
Gujarat,2013,Others,513,21,12,53,44,36,79,133,85,48,2,5,0,296,222,518
Gujarat,2013,Total,2666,24,21,79,267,146,895,385,698,123,29,8,0,765,1910,2675
Haryana,2013,For Adoption,0,0,0,0,0,0,0,0,0,0,0,0,0,0,0,0
Haryana,2013,For Begging,0,0,0,0,0,0,0,0,0,0,0,0,0,0,0,0
Haryana,2013,For Camel racing,0,0,0,0,0,0,0,0,0,0,0,0,0,0,0,0
Haryana,2013,For Illicit intercourse,279,0,8,0,61,2,100,0,96,0,12,0,0,2,277,279
Haryana,2013,For marriage,1110,0,3,0,86,0,288,0,672,1,62,0,0,1,1111,1112
Haryana,2013,For Prostitution,0,0,0,0,0,0,0,0,0,0,0,0,0,0,0,0
Haryana,2013,For Ransom,16,4,0,0,0,0,1,9,0,2,0,0,0,15,1,16
Haryana,2013,For Revenge,13,0,0,0,0,0,0,6,0,7,0,0,0,13,0,13
Haryana,2013,For Sale,0,0,0,0,0,0,0,0,0,0,0,0,0,0,0,0
Haryana,2013,For Selling body parts,0,0,0,0,0,0,0,0,0,0,0,0,0,0,0,0
Haryana,2013,For Slavery,0,0,0,0,0,0,0,0,0,0,0,0,0,0,0,0
Haryana,2013,For unlawaful activity,32,0,4,1,2,0,12,8,5,1,0,0,0,10,23,33
Haryana,2013,Others,1322,30,19,67,74,78,71,350,278,194,106,64,19,783,567,1350
Haryana,2013,Total,2772,34,34,68,223,80,472,373,1051,205,180,64,19,824,1979,2803
Himachal Pradesh,2013,For Adoption,0,0,0,0,0,0,0,0,0,0,0,0,0,0,0,0
Himachal Pradesh,2013,For Begging,0,0,0,0,0,0,0,0,0,0,0,0,0,0,0,0
Himachal Pradesh,2013,For Camel racing,0,0,0,0,0,0,0,0,0,0,0,0,0,0,0,0
Himachal Pradesh,2013,For Illicit intercourse,0,0,0,0,0,0,0,0,0,0,0,0,0,0,0,0
Himachal Pradesh,2013,For marriage,215,0,0,0,62,0,119,0,37,0,2,0,0,0,220,220
Himachal Pradesh,2013,For Prostitution,0,0,0,0,0,0,0,0,0,0,0,0,0,0,0,0
Himachal Pradesh,2013,For Ransom,0,0,0,0,0,0,0,0,0,0,0,0,0,0,0,0
Himachal Pradesh,2013,For Revenge,1,0,0,0,0,0,0,0,1,0,0,0,0,0,1,1
Himachal Pradesh,2013,For Sale,0,0,0,0,0,0,0,0,0,0,0,0,0,0,0,0
Himachal Pradesh,2013,For Selling body parts,0,0,0,0,0,0,0,0,0,0,0,0,0,0,0,0
Himachal Pradesh,2013,For Slavery,0,0,0,0,0,0,0,0,0,0,0,0,0,0,0,0
Himachal Pradesh,2013,For unlawaful activity,0,0,0,0,0,0,0,0,0,0,0,0,0,0,0,0
Himachal Pradesh,2013,Others,136,9,3,32,13,26,15,9,30,2,6,0,1,78,68,146
Himachal Pradesh,2013,Total,352,9,3,32,75,26,134,9,68,2,8,0,1,78,289,367
Jammu & Kashmir,2013,For Adoption,1,0,1,0,0,0,0,0,0,0,0,0,0,0,1,1
Jammu & Kashmir,2013,For Begging,0,0,0,0,0,0,0,0,0,0,0,0,0,0,0,0
Jammu & Kashmir,2013,For Camel racing,0,0,0,0,0,0,0,0,0,0,0,0,0,0,0,0
Jammu & Kashmir,2013,For Illicit intercourse,236,0,0,0,1,0,1,0,176,0,58,0,0,0,236,236
Jammu & Kashmir,2013,For marriage,615,0,0,0,2,0,17,0,523,0,71,0,3,0,616,616
Jammu & Kashmir,2013,For Prostitution,0,0,0,0,0,0,0,0,0,0,0,0,0,0,0,0
Jammu & Kashmir,2013,For Ransom,0,0,0,0,0,0,0,0,0,0,0,0,0,0,0,0
Jammu & Kashmir,2013,For Revenge,4,0,0,0,0,0,0,2,0,4,0,0,0,6,0,6
Jammu & Kashmir,2013,For Sale,0,0,0,0,0,0,0,0,0,0,0,0,0,0,0,0
Jammu & Kashmir,2013,For Selling body parts,0,0,0,0,0,0,0,0,0,0,0,0,0,0,0,0
Jammu & Kashmir,2013,For Slavery,0,0,0,0,0,0,0,0,0,0,0,0,0,0,0,0
Jammu & Kashmir,2013,For unlawaful activity,0,0,0,0,0,0,0,0,0,0,0,0,0,0,0,0
Jammu & Kashmir,2013,Others,127,1,1,2,5,0,4,13,63,9,28,1,0,26,101,127
Jammu & Kashmir,2013,Total,983,1,2,2,8,0,22,15,762,13,157,1,3,32,954,986
Jharkhand,2013,For Adoption,5,0,0,0,0,0,0,0,2,1,2,0,0,1,4,5
Jharkhand,2013,For Begging,1,0,0,1,0,0,0,0,0,0,0,0,0,1,0,1
Jharkhand,2013,For Camel racing,0,0,0,0,0,0,0,0,0,0,0,0,0,0,0,0
Jharkhand,2013,For Illicit intercourse,36,0,0,0,0,0,6,0,28,0,2,0,0,0,36,36
Jharkhand,2013,For marriage,678,0,0,0,9,0,215,0,420,0,34,0,0,0,678,678
Jharkhand,2013,For Prostitution,44,0,0,0,0,0,2,0,42,0,0,0,0,0,44,44
Jharkhand,2013,For Ransom,54,0,0,5,0,2,0,10,13,23,1,0,0,40,14,54
Jharkhand,2013,For Revenge,16,0,0,5,0,3,0,3,0,4,1,0,0,15,1,16
Jharkhand,2013,For Sale,3,0,0,0,0,0,3,0,0,0,0,0,0,0,3,3
Jharkhand,2013,For Selling body parts,0,0,0,0,0,0,0,0,0,0,0,0,0,0,0,0
Jharkhand,2013,For Slavery,2,0,0,0,0,0,0,0,2,0,0,0,0,0,2,2
Jharkhand,2013,For unlawaful activity,12,0,0,0,0,0,0,3,5,3,1,0,0,6,6,12
Jharkhand,2013,Others,420,2,0,4,9,40,33,188,87,46,9,2,0,282,138,420
Jharkhand,2013,Total,1271,2,0,15,18,45,259,204,599,77,50,2,0,345,926,1271
Karnataka,2013,For Adoption,0,0,0,0,0,0,0,0,0,0,0,0,0,0,0,0
Karnataka,2013,For Begging,1,1,0,0,0,0,0,0,0,0,0,0,0,1,0,1
Karnataka,2013,For Camel racing,0,0,0,0,0,0,0,0,0,0,0,0,0,0,0,0
Karnataka,2013,For Illicit intercourse,1,0,0,0,0,0,1,0,0,0,0,0,0,0,1,1
Karnataka,2013,For marriage,418,0,0,1,33,1,305,0,74,3,3,0,0,5,415,420
Karnataka,2013,For Prostitution,3,0,0,0,0,0,1,0,1,0,1,0,0,0,3,3
Karnataka,2013,For Ransom,27,4,0,2,1,0,1,10,2,9,1,1,0,26,5,31
Karnataka,2013,For Revenge,12,0,0,0,0,0,0,7,1,6,1,0,0,13,2,15
Karnataka,2013,For Sale,0,0,0,0,0,0,0,0,0,0,0,0,0,0,0,0
Karnataka,2013,For Selling body parts,0,0,0,0,0,0,0,0,0,0,0,0,0,0,0,0
Karnataka,2013,For Slavery,1,0,0,0,0,0,0,0,1,0,0,0,0,0,1,1
Karnataka,2013,For unlawaful activity,0,0,0,0,0,0,0,0,0,0,0,0,0,0,0,0
Karnataka,2013,Others,1373,29,28,33,148,73,473,132,311,111,24,26,2,404,986,1390
Karnataka,2013,Total,1836,34,28,36,182,74,781,149,390,129,30,27,2,449,1413,1862
Kerala,2013,For Adoption,1,1,0,0,0,0,0,0,0,0,0,0,0,1,0,1
Kerala,2013,For Begging,1,0,1,0,0,0,0,0,0,0,0,0,0,0,1,1
Kerala,2013,For Camel racing,0,0,0,0,0,0,0,0,0,0,0,0,0,0,0,0
Kerala,2013,For Illicit intercourse,10,0,0,1,0,0,10,1,1,0,0,0,0,2,11,13
Kerala,2013,For marriage,131,0,0,0,9,0,90,4,29,1,0,0,0,5,128,133
Kerala,2013,For Prostitution,0,0,0,0,0,0,0,0,0,0,0,0,0,0,0,0
Kerala,2013,For Ransom,7,0,1,0,0,0,0,3,0,3,0,0,0,6,1,7
Kerala,2013,For Revenge,11,0,1,2,0,1,1,3,0,3,0,0,0,9,2,11
Kerala,2013,For Sale,0,0,0,0,0,0,0,0,0,0,0,0,0,0,0,0
Kerala,2013,For Selling body parts,0,0,0,0,0,0,0,0,0,0,0,0,0,0,0,0
Kerala,2013,For Slavery,0,0,0,0,0,0,0,0,0,0,0,0,0,0,0,0
Kerala,2013,For unlawaful activity,13,0,0,0,4,1,2,5,2,1,0,0,0,7,8,15
Kerala,2013,Others,78,5,1,2,9,3,30,9,4,13,2,2,0,34,46,80
Kerala,2013,Total,252,6,4,5,22,5,133,25,36,21,2,2,0,64,197,261
Madhya Pradesh,2013,For Adoption,0,0,0,0,0,0,0,0,0,0,0,0,0,0,0,0
Madhya Pradesh,2013,For Begging,0,0,0,0,0,0,0,0,0,0,0,0,0,0,0,0
Madhya Pradesh,2013,For Camel racing,0,0,0,0,0,0,0,0,0,0,0,0,0,0,0,0
Madhya Pradesh,2013,For Illicit intercourse,135,0,3,0,52,0,69,0,11,0,2,0,0,0,137,137
Madhya Pradesh,2013,For marriage,1700,2,19,3,210,0,870,0,567,0,29,0,0,5,1695,1700
Madhya Pradesh,2013,For Prostitution,1,0,0,0,0,0,1,0,0,0,0,0,0,0,1,1
Madhya Pradesh,2013,For Ransom,31,8,0,2,0,0,0,13,0,7,0,2,0,32,0,32
Madhya Pradesh,2013,For Revenge,2,0,0,0,0,0,0,1,0,0,0,1,0,2,0,2
Madhya Pradesh,2013,For Sale,0,0,0,0,0,0,0,0,0,0,0,0,0,0,0,0
Madhya Pradesh,2013,For Selling body parts,0,0,0,0,0,0,0,0,0,0,0,0,0,0,0,0
Madhya Pradesh,2013,For Slavery,0,0,0,0,0,0,0,0,0,0,0,0,0,0,0,0
Madhya Pradesh,2013,For unlawaful activity,0,0,0,0,0,0,0,0,0,0,0,0,0,0,0,0
Madhya Pradesh,2013,Others,1485,45,26,107,259,135,451,133,269,34,43,2,0,456,1048,1504
Madhya Pradesh,2013,Total,3354,55,48,112,521,135,1391,147,847,41,74,5,0,495,2881,3376
Maharashtra,2013,For Adoption,2,0,0,0,1,0,1,0,0,0,0,0,0,0,2,2
Maharashtra,2013,For Begging,4,1,3,0,0,0,0,0,0,0,0,0,0,1,3,4
Maharashtra,2013,For Camel racing,0,0,0,0,0,0,0,0,0,0,0,0,0,0,0,0
Maharashtra,2013,For Illicit intercourse,99,0,1,1,10,0,21,1,57,0,10,0,0,2,99,101
Maharashtra,2013,For marriage,1096,0,1,2,144,1,684,0,273,0,22,0,0,3,1124,1127
Maharashtra,2013,For Prostitution,25,0,0,1,4,0,40,0,107,0,1,0,0,1,152,153
Maharashtra,2013,For Ransom,35,5,1,2,0,0,0,9,3,15,2,2,0,33,6,39
Maharashtra,2013,For Revenge,11,0,1,0,0,0,0,5,0,4,1,0,0,9,2,11
Maharashtra,2013,For Sale,2,1,0,0,0,0,0,0,1,0,0,0,0,1,1,2
Maharashtra,2013,For Selling body parts,0,0,0,0,0,0,0,0,0,0,0,0,0,0,0,0
Maharashtra,2013,For Slavery,0,0,0,0,0,0,0,0,0,0,0,0,0,0,0,0
Maharashtra,2013,For unlawaful activity,38,1,1,0,0,2,6,19,4,6,0,0,0,28,11,39
Maharashtra,2013,Others,1328,140,134,221,207,45,190,146,146,124,45,18,4,694,726,1420
Maharashtra,2013,Total,2640,148,142,227,366,48,942,180,591,149,81,20,4,772,2126,2898
Manipur,2013,For Adoption,0,0,0,0,0,0,0,0,0,0,0,0,0,0,0,0
Manipur,2013,For Begging,3,2,0,4,3,0,0,0,0,0,0,0,0,6,3,9
Manipur,2013,For Camel racing,0,0,0,0,0,0,0,0,0,0,0,0,0,0,0,0
Manipur,2013,For Illicit intercourse,0,0,0,0,0,0,0,0,0,0,0,0,0,0,0,0
Manipur,2013,For marriage,81,0,0,0,26,0,30,0,25,0,0,0,0,0,81,81
Manipur,2013,For Prostitution,0,0,0,0,0,0,0,0,0,0,0,0,0,0,0,0
Manipur,2013,For Ransom,20,0,0,1,0,0,0,18,0,12,1,4,0,35,1,36
Manipur,2013,For Revenge,0,0,0,0,0,0,0,0,0,0,0,0,0,0,0,0
Manipur,2013,For Sale,0,0,0,0,0,0,0,0,0,0,0,0,0,0,0,0
Manipur,2013,For Selling body parts,0,0,0,0,0,0,0,0,0,0,0,0,0,0,0,0
Manipur,2013,For Slavery,0,0,0,0,0,0,0,0,0,0,0,0,0,0,0,0
Manipur,2013,For unlawaful activity,3,0,0,1,2,2,0,0,0,0,0,0,0,3,2,5
Manipur,2013,Others,74,10,2,7,10,3,10,11,17,13,6,3,0,47,45,92
Manipur,2013,Total,181,12,2,13,41,5,40,29,42,25,7,7,0,91,132,223
Meghalaya,2013,For Adoption,0,0,0,0,0,0,0,0,0,0,0,0,0,0,0,0
Meghalaya,2013,For Begging,0,0,0,0,0,0,0,0,0,0,0,0,0,0,0,0
Meghalaya,2013,For Camel racing,0,0,0,0,0,0,0,0,0,0,0,0,0,0,0,0
Meghalaya,2013,For Illicit intercourse,14,0,0,0,1,0,5,0,7,0,1,0,0,0,14,14
Meghalaya,2013,For marriage,15,0,0,0,3,0,5,1,6,0,0,0,0,1,14,15
Meghalaya,2013,For Prostitution,0,0,0,0,0,0,0,0,0,0,0,0,0,0,0,0
Meghalaya,2013,For Ransom,25,0,0,1,0,3,0,9,0,11,0,1,0,25,0,25
Meghalaya,2013,For Revenge,1,0,0,0,0,0,0,0,1,0,0,0,0,0,1,1
Meghalaya,2013,For Sale,0,0,0,0,0,0,0,0,0,0,0,0,0,0,0,0
Meghalaya,2013,For Selling body parts,0,0,0,0,0,0,0,0,0,0,0,0,0,0,0,0
Meghalaya,2013,For Slavery,0,0,0,0,0,0,0,0,0,0,0,0,0,0,0,0
Meghalaya,2013,For unlawaful activity,2,0,0,0,0,0,0,1,1,0,0,0,0,1,1,2
Meghalaya,2013,Others,82,0,3,1,3,6,4,13,6,45,0,1,0,66,16,82
Meghalaya,2013,Total,139,0,3,2,7,9,14,24,21,56,1,2,0,93,46,139
Mizoram,2013,For Adoption,0,0,0,0,0,0,0,0,0,0,0,0,0,0,0,0
Mizoram,2013,For Begging,0,0,0,0,0,0,0,0,0,0,0,0,0,0,0,0
Mizoram,2013,For Camel racing,0,0,0,0,0,0,0,0,0,0,0,0,0,0,0,0
Mizoram,2013,For Illicit intercourse,0,0,0,0,0,0,0,0,0,0,0,0,0,0,0,0
Mizoram,2013,For marriage,0,0,0,0,0,0,0,0,0,0,0,0,0,0,0,0
Mizoram,2013,For Prostitution,0,0,0,0,0,0,0,0,0,0,0,0,0,0,0,0
Mizoram,2013,For Ransom,3,0,0,0,0,0,0,8,0,3,0,0,0,11,0,11
Mizoram,2013,For Revenge,0,0,0,0,0,0,0,0,0,0,0,0,0,0,0,0
Mizoram,2013,For Sale,0,0,0,0,0,0,0,0,0,0,0,0,0,0,0,0
Mizoram,2013,For Selling body parts,0,0,0,0,0,0,0,0,0,0,0,0,0,0,0,0
Mizoram,2013,For Slavery,0,0,0,0,0,0,0,0,0,0,0,0,0,0,0,0
Mizoram,2013,For unlawaful activity,0,0,0,0,0,0,0,0,0,0,0,0,0,0,0,0
Mizoram,2013,Others,4,0,2,0,0,1,0,1,1,0,0,0,0,2,3,5
Mizoram,2013,Total,7,0,2,0,0,1,0,9,1,3,0,0,0,13,3,16
Nagaland,2013,For Adoption,0,0,0,0,0,0,0,0,0,0,0,0,0,0,0,0
Nagaland,2013,For Begging,0,0,0,0,0,0,0,0,0,0,0,0,0,0,0,0
Nagaland,2013,For Camel racing,0,0,0,0,0,0,0,0,0,0,0,0,0,0,0,0
Nagaland,2013,For Illicit intercourse,1,0,0,0,1,0,0,0,0,0,0,0,0,0,1,1
Nagaland,2013,For marriage,3,0,0,0,2,0,0,0,1,0,0,0,0,0,3,3
Nagaland,2013,For Prostitution,0,0,0,0,0,0,0,0,0,0,0,0,0,0,0,0
Nagaland,2013,For Ransom,6,0,0,0,0,0,0,2,0,4,0,0,0,6,0,6
Nagaland,2013,For Revenge,1,0,0,0,0,0,0,0,0,1,0,0,0,1,0,1
Nagaland,2013,For Sale,0,0,0,0,0,0,0,0,0,0,0,0,0,0,0,0
Nagaland,2013,For Selling body parts,0,0,0,0,0,0,0,0,0,0,0,0,0,0,0,0
Nagaland,2013,For Slavery,0,0,0,0,0,0,0,0,0,0,0,0,0,0,0,0
Nagaland,2013,For unlawaful activity,1,0,0,0,0,0,0,1,0,0,0,0,0,1,0,1
Nagaland,2013,Others,28,0,1,1,0,1,0,19,3,9,2,0,0,30,6,36
Nagaland,2013,Total,40,0,1,1,3,1,0,22,4,14,2,0,0,38,10,48
Odisha,2013,For Adoption,0,0,0,0,0,0,0,0,0,0,0,0,0,0,0,0
Odisha,2013,For Begging,0,0,0,0,0,0,0,0,0,0,0,0,0,0,0,0
Odisha,2013,For Camel racing,0,0,0,0,0,0,0,0,0,0,0,0,0,0,0,0
Odisha,2013,For Illicit intercourse,438,0,7,0,19,0,68,3,311,0,28,0,2,3,435,438
Odisha,2013,For marriage,717,0,0,0,32,0,142,0,484,0,59,0,0,0,717,717
Odisha,2013,For Prostitution,0,0,0,0,0,0,0,0,0,0,0,0,0,0,0,0
Odisha,2013,For Ransom,3,0,0,1,0,2,0,0,0,0,0,0,0,3,0,3
Odisha,2013,For Revenge,59,0,0,0,0,0,0,21,18,20,0,0,0,41,18,59
Odisha,2013,For Sale,17,0,0,0,0,0,2,0,7,0,8,0,0,0,17,17
Odisha,2013,For Selling body parts,0,0,0,0,0,0,0,0,0,0,0,0,0,0,0,0
Odisha,2013,For Slavery,16,0,0,0,0,0,0,0,9,0,7,0,0,0,16,16
Odisha,2013,For unlawaful activity,43,0,0,12,9,2,13,13,3,0,1,0,1,27,27,54
Odisha,2013,Others,1077,0,0,7,22,30,41,175,559,21,212,1,10,234,844,1078
Odisha,2013,Total,2370,0,7,20,82,34,266,212,1391,41,315,1,13,308,2074,2382
Punjab,2013,For Adoption,1,1,0,0,0,0,0,0,0,0,0,0,0,1,0,1
Punjab,2013,For Begging,0,0,0,0,0,0,0,0,0,0,0,0,0,0,0,0
Punjab,2013,For Camel racing,0,0,0,0,0,0,0,0,0,0,0,0,0,0,0,0
Punjab,2013,For Illicit intercourse,81,0,0,0,6,0,33,0,41,0,3,0,0,0,83,83
Punjab,2013,For marriage,836,0,0,0,89,0,425,0,335,0,10,0,0,0,859,859
Punjab,2013,For Prostitution,1,0,0,0,0,0,1,0,0,0,0,0,0,0,1,1
Punjab,2013,For Ransom,10,1,0,1,1,3,0,1,0,3,0,1,0,10,1,11
Punjab,2013,For Revenge,10,0,0,0,0,1,0,2,2,3,1,1,0,7,3,10
Punjab,2013,For Sale,0,0,0,0,0,0,0,0,0,0,0,0,0,0,0,0
Punjab,2013,For Selling body parts,0,0,0,0,0,0,0,0,0,0,0,0,0,0,0,0
Punjab,2013,For Slavery,0,0,0,0,0,0,0,0,0,0,0,0,0,0,0,0
Punjab,2013,For unlawaful activity,0,0,0,0,0,0,0,0,0,0,0,0,0,0,0,0
Punjab,2013,Others,335,16,7,28,20,32,31,97,43,46,19,5,1,224,121,345
Punjab,2013,Total,1274,18,7,29,116,36,490,100,421,52,33,7,1,242,1068,1310
Rajasthan,2013,For Adoption,0,0,0,0,0,0,0,0,0,0,0,0,0,0,0,0
Rajasthan,2013,For Begging,2,0,1,1,0,0,0,0,0,0,0,0,0,1,1,2
Rajasthan,2013,For Camel racing,0,0,0,0,0,0,0,0,0,0,0,0,0,0,0,0
Rajasthan,2013,For Illicit intercourse,77,0,0,0,17,0,10,0,49,0,1,0,0,0,77,77
Rajasthan,2013,For marriage,2234,0,9,0,163,0,669,0,1031,0,354,0,8,0,2234,2234
Rajasthan,2013,For Prostitution,0,0,0,0,0,0,0,0,0,0,0,0,0,0,0,0
Rajasthan,2013,For Ransom,6,1,0,1,0,0,0,3,0,0,0,1,0,6,0,6
Rajasthan,2013,For Revenge,0,0,0,0,0,0,0,0,0,0,0,0,0,0,0,0
Rajasthan,2013,For Sale,0,0,0,0,0,0,0,0,0,0,0,0,0,0,0,0
Rajasthan,2013,For Selling body parts,0,0,0,0,0,0,0,0,0,0,0,0,0,0,0,0
Rajasthan,2013,For Slavery,0,0,0,0,0,0,0,0,0,0,0,0,0,0,0,0
Rajasthan,2013,For unlawaful activity,0,0,0,0,0,0,0,0,0,0,0,0,0,0,0,0
Rajasthan,2013,Others,2667,35,19,67,148,62,223,422,961,313,383,33,1,932,1735,2667
Rajasthan,2013,Total,4986,36,29,69,328,62,902,425,2041,313,738,34,9,939,4047,4986
Sikkim,2013,For Adoption,0,0,0,0,0,0,0,0,0,0,0,0,0,0,0,0
Sikkim,2013,For Begging,0,0,0,0,0,0,0,0,0,0,0,0,0,0,0,0
Sikkim,2013,For Camel racing,0,0,0,0,0,0,0,0,0,0,0,0,0,0,0,0
Sikkim,2013,For Illicit intercourse,0,0,0,0,0,0,0,0,0,0,0,0,0,0,0,0
Sikkim,2013,For marriage,0,0,0,0,0,0,0,0,0,0,0,0,0,0,0,0
Sikkim,2013,For Prostitution,0,0,0,0,0,0,0,0,0,0,0,0,0,0,0,0
Sikkim,2013,For Ransom,0,0,0,0,0,0,0,0,0,0,0,0,0,0,0,0
Sikkim,2013,For Revenge,0,0,0,0,0,0,0,0,0,0,0,0,0,0,0,0
Sikkim,2013,For Sale,0,0,0,0,0,0,0,0,0,0,0,0,0,0,0,0
Sikkim,2013,For Selling body parts,0,0,0,0,0,0,0,0,0,0,0,0,0,0,0,0
Sikkim,2013,For Slavery,0,0,0,0,0,0,0,0,0,0,0,0,0,0,0,0
Sikkim,2013,For unlawaful activity,5,0,0,0,0,0,5,0,0,0,0,0,0,0,5,5
Sikkim,2013,Others,11,0,0,0,0,0,9,0,2,0,0,0,0,0,11,11
Sikkim,2013,Total,16,0,0,0,0,0,14,0,2,0,0,0,0,0,16,16
Tamil Nadu,2013,For Adoption,7,0,1,0,0,0,3,0,1,2,0,0,0,2,5,7
Tamil Nadu,2013,For Begging,3,1,1,1,1,0,0,2,2,1,0,0,0,5,4,9
Tamil Nadu,2013,For Camel racing,0,0,0,0,0,0,0,0,0,0,0,0,0,0,0,0
Tamil Nadu,2013,For Illicit intercourse,65,0,0,0,4,0,1,1,45,0,14,0,0,1,64,65
Tamil Nadu,2013,For marriage,1265,0,1,1,67,2,341,4,767,0,91,0,5,7,1272,1279
Tamil Nadu,2013,For Prostitution,2,0,0,0,0,0,0,0,3,0,0,0,0,0,3,3
Tamil Nadu,2013,For Ransom,20,0,1,2,0,0,0,5,0,9,1,3,1,19,3,22
Tamil Nadu,2013,For Revenge,3,0,0,0,0,0,0,2,0,1,0,0,0,3,0,3
Tamil Nadu,2013,For Sale,5,3,2,0,0,0,0,0,0,0,0,0,0,3,2,5
Tamil Nadu,2013,For Selling body parts,0,0,0,0,0,0,0,0,0,0,0,0,0,0,0,0
Tamil Nadu,2013,For Slavery,0,0,0,0,0,0,0,0,0,0,0,0,0,0,0,0
Tamil Nadu,2013,For unlawaful activity,59,0,0,0,0,0,20,11,6,15,0,7,0,33,26,59
Tamil Nadu,2013,Others,350,16,11,3,6,10,30,97,56,84,19,11,19,221,141,362
Tamil Nadu,2013,Total,1779,20,17,7,78,12,395,122,880,112,125,21,25,294,1520,1814
Tripura,2013,For Adoption,8,0,2,0,4,1,3,0,0,0,0,0,0,1,9,10
Tripura,2013,For Begging,1,1,0,0,0,0,0,0,0,0,0,0,0,1,0,1
Tripura,2013,For Camel racing,0,0,0,0,0,0,0,0,0,0,0,0,0,0,0,0
Tripura,2013,For Illicit intercourse,4,0,1,0,1,0,0,0,2,0,0,0,0,0,4,4
Tripura,2013,For marriage,104,0,0,0,23,0,70,0,17,0,3,0,0,0,113,113
Tripura,2013,For Prostitution,0,0,0,0,0,0,0,0,0,0,0,0,0,0,0,0
Tripura,2013,For Ransom,2,0,0,0,0,3,0,2,1,0,0,1,0,6,1,7
Tripura,2013,For Revenge,0,0,0,0,0,0,0,0,0,0,0,0,0,0,0,0
Tripura,2013,For Sale,0,0,0,0,0,0,0,0,0,0,0,0,0,0,0,0
Tripura,2013,For Selling body parts,0,0,0,0,0,0,0,0,0,0,0,0,0,0,0,0
Tripura,2013,For Slavery,0,0,0,0,0,0,0,0,0,0,0,0,0,0,0,0
Tripura,2013,For unlawaful activity,1,0,0,0,0,0,0,1,0,2,0,0,0,3,0,3
Tripura,2013,Others,24,0,1,1,1,2,3,9,1,5,0,1,0,18,6,24
Tripura,2013,Total,144,1,4,1,29,6,76,12,21,7,3,2,0,29,133,162
Uttar Pradesh,2013,For Adoption,3,2,1,0,0,0,0,0,0,0,0,0,0,2,1,3
Uttar Pradesh,2013,For Begging,11,6,3,3,0,0,0,0,0,0,0,0,0,9,3,12
Uttar Pradesh,2013,For Camel racing,0,0,0,0,0,0,0,0,0,0,0,0,0,0,0,0
Uttar Pradesh,2013,For Illicit intercourse,2983,11,80,12,418,25,1314,0,1005,0,119,0,0,48,2936,2984
Uttar Pradesh,2013,For marriage,6213,3,3,0,634,0,2880,34,2466,25,173,0,0,62,6156,6218
Uttar Pradesh,2013,For Prostitution,85,0,0,0,0,0,0,0,53,0,32,0,0,0,85,85
Uttar Pradesh,2013,For Ransom,82,19,1,11,0,10,0,32,2,6,0,1,0,79,3,82
Uttar Pradesh,2013,For Revenge,92,6,1,8,6,4,13,25,8,14,4,3,0,60,32,92
Uttar Pradesh,2013,For Sale,0,0,0,0,0,0,0,0,0,0,0,0,0,0,0,0
Uttar Pradesh,2013,For Selling body parts,0,0,0,0,0,0,0,0,0,0,0,0,0,0,0,0
Uttar Pradesh,2013,For Slavery,7,0,0,2,0,3,0,2,0,0,0,0,0,7,0,7
Uttar Pradesh,2013,For unlawaful activity,0,0,0,0,0,0,0,0,0,0,0,0,0,0,0,0
Uttar Pradesh,2013,Others,1707,52,26,108,60,124,160,635,260,261,19,2,0,1182,525,1707
Uttar Pradesh,2013,Total,11183,99,115,144,1118,166,4367,728,3794,306,347,6,0,1449,9741,11190
Uttarakhand,2013,For Adoption,0,0,0,0,0,0,0,0,0,0,0,0,0,0,0,0
Uttarakhand,2013,For Begging,0,0,0,0,0,0,0,0,0,0,0,0,0,0,0,0
Uttarakhand,2013,For Camel racing,0,0,0,0,0,0,0,0,0,0,0,0,0,0,0,0
Uttarakhand,2013,For Illicit intercourse,1,0,0,0,0,0,1,0,0,0,0,0,0,0,1,1
Uttarakhand,2013,For marriage,272,0,0,0,7,0,26,0,230,0,9,0,0,0,272,272
Uttarakhand,2013,For Prostitution,0,0,0,0,0,0,0,0,0,0,0,0,0,0,0,0
Uttarakhand,2013,For Ransom,1,1,0,0,0,0,0,0,0,0,0,0,0,1,0,1
Uttarakhand,2013,For Revenge,0,0,0,0,0,0,0,0,0,0,0,0,0,0,0,0
Uttarakhand,2013,For Sale,0,0,0,0,0,0,0,0,0,0,0,0,0,0,0,0
Uttarakhand,2013,For Selling body parts,0,0,0,0,0,0,0,0,0,0,0,0,0,0,0,0
Uttarakhand,2013,For Slavery,0,0,0,0,0,0,0,0,0,0,0,0,0,0,0,0
Uttarakhand,2013,For unlawaful activity,7,0,0,0,0,0,2,0,5,0,0,0,0,0,7,7
Uttarakhand,2013,Others,751,26,12,25,23,23,36,191,175,95,73,38,34,398,353,751
Uttarakhand,2013,Total,1032,27,12,25,30,23,65,191,410,95,82,38,34,399,633,1032
West Bengal,2013,For Adoption,119,0,3,0,15,0,60,1,38,0,2,0,0,1,118,119
West Bengal,2013,For Begging,3,2,0,0,0,0,1,0,0,0,0,0,0,2,1,3
West Bengal,2013,For Camel racing,0,0,0,0,0,0,0,0,0,0,0,0,0,0,0,0
West Bengal,2013,For Illicit intercourse,226,0,1,0,38,0,118,0,65,0,4,0,0,0,226,226
West Bengal,2013,For marriage,1294,0,0,0,121,1,695,3,437,0,36,0,1,4,1290,1294
West Bengal,2013,For Prostitution,124,0,0,0,52,0,55,0,17,0,0,0,0,0,124,124
West Bengal,2013,For Ransom,53,5,0,2,3,6,2,18,4,13,0,0,0,44,9,53
West Bengal,2013,For Revenge,15,0,0,0,0,6,4,3,1,1,0,0,0,10,5,15
West Bengal,2013,For Sale,42,1,0,0,7,0,24,0,9,0,1,0,0,1,41,42
West Bengal,2013,For Selling body parts,0,0,0,0,0,0,0,0,0,0,0,0,0,0,0,0
West Bengal,2013,For Slavery,20,0,0,6,4,3,1,0,5,0,0,1,0,10,10,20
West Bengal,2013,For unlawaful activity,166,5,9,15,23,7,21,7,41,22,13,3,0,59,107,166
West Bengal,2013,Others,2511,26,18,29,276,115,850,317,595,93,172,20,0,600,1911,2511
West Bengal,2013,Total,4573,39,31,52,539,138,1831,349,1212,129,228,24,1,731,3842,4573
A&N Islands,2013,For Adoption,0,0,0,0,0,0,0,0,0,0,0,0,0,0,0,0
A&N Islands,2013,For Begging,0,0,0,0,0,0,0,0,0,0,0,0,0,0,0,0
A&N Islands,2013,For Camel racing,0,0,0,0,0,0,0,0,0,0,0,0,0,0,0,0
A&N Islands,2013,For Illicit intercourse,0,0,0,0,0,0,0,0,0,0,0,0,0,0,0,0
A&N Islands,2013,For marriage,4,0,0,0,0,0,3,0,1,0,0,0,0,0,4,4
A&N Islands,2013,For Prostitution,0,0,0,0,0,0,0,0,0,0,0,0,0,0,0,0
A&N Islands,2013,For Ransom,0,0,0,0,0,0,0,0,0,0,0,0,0,0,0,0
A&N Islands,2013,For Revenge,0,0,0,0,0,0,0,0,0,0,0,0,0,0,0,0
A&N Islands,2013,For Sale,0,0,0,0,0,0,0,0,0,0,0,0,0,0,0,0
A&N Islands,2013,For Selling body parts,0,0,0,0,0,0,0,0,0,0,0,0,0,0,0,0
A&N Islands,2013,For Slavery,0,0,0,0,0,0,0,0,0,0,0,0,0,0,0,0
A&N Islands,2013,For unlawaful activity,0,0,0,0,0,0,0,0,0,0,0,0,0,0,0,0
A&N Islands,2013,Others,10,3,2,1,1,1,2,0,0,0,0,0,1,5,6,11
A&N Islands,2013,Total,14,3,2,1,1,1,5,0,1,0,0,0,1,5,10,15
Chandigarh,2013,For Adoption,0,0,0,0,0,0,0,0,0,0,0,0,0,0,0,0
Chandigarh,2013,For Begging,0,0,0,0,0,0,0,0,0,0,0,0,0,0,0,0
Chandigarh,2013,For Camel racing,0,0,0,0,0,0,0,0,0,0,0,0,0,0,0,0
Chandigarh,2013,For Illicit intercourse,0,0,0,0,0,0,0,0,0,0,0,0,0,0,0,0
Chandigarh,2013,For marriage,158,0,0,0,46,0,60,0,50,0,2,0,0,0,158,158
Chandigarh,2013,For Prostitution,0,0,0,0,0,0,0,0,0,0,0,0,0,0,0,0
Chandigarh,2013,For Ransom,1,0,1,0,0,0,0,0,0,0,0,0,0,0,1,1
Chandigarh,2013,For Revenge,37,6,0,21,0,8,0,1,0,2,0,0,0,38,0,38
Chandigarh,2013,For Sale,0,0,0,0,0,0,0,0,0,0,0,0,0,0,0,0
Chandigarh,2013,For Selling body parts,0,0,0,0,0,0,0,0,0,0,0,0,0,0,0,0
Chandigarh,2013,For Slavery,0,0,0,0,0,0,0,0,0,0,0,0,0,0,0,0
Chandigarh,2013,For unlawaful activity,0,0,0,0,0,0,0,0,0,0,0,0,0,0,0,0
Chandigarh,2013,Others,65,1,12,13,3,14,0,16,2,9,0,0,1,53,18,71
Chandigarh,2013,Total,261,7,13,34,49,22,60,17,52,11,2,0,1,91,177,268
D&N Haveli,2013,For Adoption,0,0,0,0,0,0,0,0,0,0,0,0,0,0,0,0
D&N Haveli,2013,For Begging,0,0,0,0,0,0,0,0,0,0,0,0,0,0,0,0
D&N Haveli,2013,For Camel racing,0,0,0,0,0,0,0,0,0,0,0,0,0,0,0,0
D&N Haveli,2013,For Illicit intercourse,0,0,0,0,0,0,0,0,0,0,0,0,0,0,0,0
D&N Haveli,2013,For marriage,4,0,0,0,0,0,4,0,0,0,0,0,0,0,4,4
D&N Haveli,2013,For Prostitution,0,0,0,0,0,0,0,0,0,0,0,0,0,0,0,0
D&N Haveli,2013,For Ransom,0,0,0,0,0,0,0,0,0,0,0,0,0,0,0,0
D&N Haveli,2013,For Revenge,0,0,0,0,0,0,0,0,0,0,0,0,0,0,0,0
D&N Haveli,2013,For Sale,0,0,0,0,0,0,0,0,0,0,0,0,0,0,0,0
D&N Haveli,2013,For Selling body parts,0,0,0,0,0,0,0,0,0,0,0,0,0,0,0,0
D&N Haveli,2013,For Slavery,0,0,0,0,0,0,0,0,0,0,0,0,0,0,0,0
D&N Haveli,2013,For unlawaful activity,0,0,0,0,0,0,0,0,0,0,0,0,0,0,0,0
D&N Haveli,2013,Others,9,1,0,1,5,0,0,0,0,0,2,0,0,2,7,9
D&N Haveli,2013,Total,13,1,0,1,5,0,4,0,0,0,2,0,0,2,11,13
Daman & Diu,2013,For Adoption,0,0,0,0,0,0,0,0,0,0,0,0,0,0,0,0
Daman & Diu,2013,For Begging,0,0,0,0,0,0,0,0,0,0,0,0,0,0,0,0
Daman & Diu,2013,For Camel racing,0,0,0,0,0,0,0,0,0,0,0,0,0,0,0,0
Daman & Diu,2013,For Illicit intercourse,0,0,0,0,0,0,0,0,0,0,0,0,0,0,0,0
Daman & Diu,2013,For marriage,1,0,0,0,0,0,1,0,0,0,0,0,0,0,1,1
Daman & Diu,2013,For Prostitution,0,0,0,0,0,0,0,0,0,0,0,0,0,0,0,0
Daman & Diu,2013,For Ransom,0,0,0,0,0,0,0,0,0,0,0,0,0,0,0,0
Daman & Diu,2013,For Revenge,0,0,0,0,0,0,0,0,0,0,0,0,0,0,0,0
Daman & Diu,2013,For Sale,0,0,0,0,0,0,0,0,0,0,0,0,0,0,0,0
Daman & Diu,2013,For Selling body parts,0,0,0,0,0,0,0,0,0,0,0,0,0,0,0,0
Daman & Diu,2013,For Slavery,0,0,0,0,0,0,0,0,0,0,0,0,0,0,0,0
Daman & Diu,2013,For unlawaful activity,0,0,0,0,0,0,0,0,0,0,0,0,0,0,0,0
Daman & Diu,2013,Others,12,0,1,5,2,0,1,2,1,0,0,0,0,7,5,12
Daman & Diu,2013,Total,13,0,1,5,2,0,2,2,1,0,0,0,0,7,6,13
Delhi UT,2013,For Adoption,0,0,0,0,0,0,0,0,0,0,0,0,0,0,0,0
Delhi UT,2013,For Begging,0,0,0,0,0,0,0,0,0,0,0,0,0,0,0,0
Delhi UT,2013,For Camel racing,0,0,0,0,0,0,0,0,0,0,0,0,0,0,0,0
Delhi UT,2013,For Illicit intercourse,5,0,0,0,3,0,2,0,0,0,0,0,0,0,5,5
Delhi UT,2013,For marriage,233,0,0,0,10,0,178,0,44,0,1,0,0,0,233,233
Delhi UT,2013,For Prostitution,0,0,0,0,0,0,0,0,0,0,0,0,0,0,0,0
Delhi UT,2013,For Ransom,30,9,0,6,0,1,0,9,1,3,1,1,0,29,2,31
Delhi UT,2013,For Revenge,7,1,1,0,1,0,1,1,1,1,0,0,0,3,4,7
Delhi UT,2013,For Sale,1,0,1,0,0,0,0,0,0,0,0,0,0,0,1,1
Delhi UT,2013,For Selling body parts,0,0,0,0,0,0,0,0,0,0,0,0,0,0,0,0
Delhi UT,2013,For Slavery,0,0,0,0,0,0,0,0,0,0,0,0,0,0,0,0
Delhi UT,2013,For unlawaful activity,20,0,2,0,2,1,12,0,2,0,1,0,0,1,19,20
Delhi UT,2013,Others,5998,449,340,1345,1068,918,1852,99,236,57,45,4,2,2872,3543,6415
Delhi UT,2013,Total,6294,459,344,1351,1084,920,2045,109,284,61,48,5,2,2905,3807,6712
Lakshadweep,2013,For Adoption,0,0,0,0,0,0,0,0,0,0,0,0,0,0,0,0
Lakshadweep,2013,For Begging,0,0,0,0,0,0,0,0,0,0,0,0,0,0,0,0
Lakshadweep,2013,For Camel racing,0,0,0,0,0,0,0,0,0,0,0,0,0,0,0,0
Lakshadweep,2013,For Illicit intercourse,0,0,0,0,0,0,0,0,0,0,0,0,0,0,0,0
Lakshadweep,2013,For marriage,0,0,0,0,0,0,0,0,0,0,0,0,0,0,0,0
Lakshadweep,2013,For Prostitution,0,0,0,0,0,0,0,0,0,0,0,0,0,0,0,0
Lakshadweep,2013,For Ransom,0,0,0,0,0,0,0,0,0,0,0,0,0,0,0,0
Lakshadweep,2013,For Revenge,0,0,0,0,0,0,0,0,0,0,0,0,0,0,0,0
Lakshadweep,2013,For Sale,0,0,0,0,0,0,0,0,0,0,0,0,0,0,0,0
Lakshadweep,2013,For Selling body parts,0,0,0,0,0,0,0,0,0,0,0,0,0,0,0,0
Lakshadweep,2013,For Slavery,0,0,0,0,0,0,0,0,0,0,0,0,0,0,0,0
Lakshadweep,2013,For unlawaful activity,0,0,0,0,0,0,0,0,0,0,0,0,0,0,0,0
Lakshadweep,2013,Others,0,0,0,0,0,0,0,0,0,0,0,0,0,0,0,0
Lakshadweep,2013,Total,0,0,0,0,0,0,0,0,0,0,0,0,0,0,0,0
Puducherry,2013,For Adoption,0,0,0,0,0,0,0,0,0,0,0,0,0,0,0,0
Puducherry,2013,For Begging,0,0,0,0,0,0,0,0,0,0,0,0,0,0,0,0
Puducherry,2013,For Camel racing,0,0,0,0,0,0,0,0,0,0,0,0,0,0,0,0
Puducherry,2013,For Illicit intercourse,0,0,0,0,0,0,0,0,0,0,0,0,0,0,0,0
Puducherry,2013,For marriage,13,0,0,0,1,0,7,0,5,0,0,0,0,0,13,13
Puducherry,2013,For Prostitution,0,0,0,0,0,0,0,0,0,0,0,0,0,0,0,0
Puducherry,2013,For Ransom,1,1,0,0,0,0,0,0,0,0,0,0,0,1,0,1
Puducherry,2013,For Revenge,0,0,0,0,0,0,0,0,0,0,0,0,0,0,0,0
Puducherry,2013,For Sale,0,0,0,0,0,0,0,0,0,0,0,0,0,0,0,0
Puducherry,2013,For Selling body parts,0,0,0,0,0,0,0,0,0,0,0,0,0,0,0,0
Puducherry,2013,For Slavery,0,0,0,0,0,0,0,0,0,0,0,0,0,0,0,0
Puducherry,2013,For unlawaful activity,0,0,0,0,0,0,0,0,0,0,0,0,0,0,0,0
Puducherry,2013,Others,27,1,0,6,2,6,10,0,0,2,0,0,0,15,12,27
Puducherry,2013,Total,41,2,0,6,3,6,17,0,5,2,0,0,0,16,25,41
